<PAMDataset>
  <SRS>PROJCS["ETRS_1989_LAEA",GEOGCS["GCS_ETRS_1989",DATUM["European_Terrestrial_Reference_System_1989",SPHEROID["GRS_1980",6378137.0,298.257222101,AUTHORITY["EPSG","7019"]],AUTHORITY["EPSG","6258"]],PRIMEM["Greenwich",0.0,AUTHORITY["EPSG","8901"]],UNIT["Degree",0.0174532925199433,AUTHORITY["EPSG","9102"]],AUTHORITY["EPSG","4258"]],PROJECTION["Lambert_Azimuthal_Equal_Area",AUTHORITY["Esri","43033"]],PARAMETER["False_Easting",4321000.0,AUTHORITY["Esri","100001"]],PARAMETER["False_Northing",3210000.0,AUTHORITY["Esri","100002"]],PARAMETER["longitude_of_center",10.0,AUTHORITY["Esri","100010"]],PARAMETER["latitude_of_center",52.0,AUTHORITY["Esri","100021"]],UNIT["Meter",1.0,AUTHORITY["EPSG","9001"]],AUTHORITY["EPSG","3035"]]</SRS>
  <Metadata domain="Esri">
    <MDI key="PyramidResamplingType">NEAREST</MDI>
  </Metadata>
  <PAMRasterBand band="1">
    <Description>RCrea_HELCOM_</Description>
    <NoDataValue>3.00000000000000E+000</NoDataValue>
    <Metadata domain="IMAGE_STRUCTURE">
      <MDI key="PIXELTYPE">SIGNEDBYTE</MDI>
    </Metadata>
    <Metadata>
      <MDI key="RepresentationType">ATHEMATIC</MDI>
      <MDI key="STATISTICS_SKIPFACTORX">1</MDI>
      <MDI key="STATISTICS_SKIPFACTORY">1</MDI>
    </Metadata>
  </PAMRasterBand>
</PAMDataset>
