<?xml version="1.0" encoding="UTF-8"?>
<metadata xml:lang="de"><Esri><CreaDate>20201005</CreaDate><CreaTime>10453500</CreaTime><ArcGISFormat>1.0</ArcGISFormat><ArcGISstyle>INSPIRE Metadata Directive</ArcGISstyle><SyncOnce>TRUE</SyncOnce><DataProperties><lineage><Process ToolSource="K:\BackUp\BackUP-Coronavirus\Documents\Daten_IOW\SPACEA\Spacea.tbx\SuitabilityAnalysis" Date="20201005" Time="104535">SuitabilityAnalysis Results\SuitFunc_Salinity_1_6.tif;Results\Thresh_BottomCurrents_0,02.tif Results\RCrea_Cables_;Results\RCrea_HELCOM_;Results\RCrea_wind_tu K:\BackUp\BackUP-Coronavirus\Documents\Daten_IOW\SPACEA\Data_examples\Results</Process></lineage></DataProperties></Esri></metadata>
